{"id": 113, "Depth": {"values": [0.0, 1.0, 2.0, 3.0, 4.0, 5.0, 6.0, 7.0, 8.0, 9.0, 10.0, 11.0, 12.0, 13.0, 14.0, 15.0, 16.0, 17.0, 18.0, 19.0, 20.0, 21.0, 22.0, 23.0, 24.0, 25.0, 26.0, 27.0, 28.0, 29.0, 30.0, 31.0, 32.0, 33.0, 34.0, 35.0, 36.0, 37.0, 38.0, 39.0, 40.0, 41.0, 42.0, 43.0, 44.0, 45.0, 46.0, 47.0, 48.0, 49.0, 50.0, 51.0, 52.0, 53.0, 54.0, 55.0, 56.0], "unit": "m"}, "Isobath Area": {"values": [1147078.489225004, 1105831.962431596, 1050866.2369400165, 1015715.7710951904, 989889.432749206, 967305.1482024251, 945304.8708558077, 926744.6281587414, 907569.3770116596, 891416.1566640476, 878022.9795660337, 865815.8159680185, 855037.6689696371, 844992.5323210604, 835508.4057223278, 826311.2794738756, 817244.1576253003, 808046.0331266364, 798088.8957278386, 788566.7654791286, 779531.6427303187, 771223.5313315252, 763116.4210327633, 755019.3093839345, 747012.2014852337, 738954.0896365187, 730543.9821875904, 721465.8581388319, 711625.7229401991, 700997.5819418011, 691533.4491432456, 682302.3287947676, 673098.2060960388, 663723.0837972021, 654088.9556987662, 644102.8225504329, 633712.6868019503, 622851.542153729, 609431.3673556391, 593059.1557081349, 579298.9703601578, 566529.8020621646, 553004.6159143681, 538419.4161165777, 522197.1982686828, 504106.94882148475, 484607.68177439494, 464639.4080774101, 442619.1046809185, 407785.6303360185, 372164.1368917185, 335928.6350472825, 288260.9731546825, 176803.42087202548, 85133.16063643074, 43257.58809307714, 0.0], "unit": "m2"}, "Radius": {"values": [604.2569183295178, 593.2935581143614, 578.3607112129636, 568.6056379358116, 561.3301993238355, 554.8898914463199, 548.5434220288263, 543.1316388414953, 537.4833068109884, 532.6786792899873, 528.6618907131636, 524.9740315833782, 521.6962172496355, 518.6226728453644, 515.7039708312071, 512.8577281485693, 510.03617008804116, 507.15780663990887, 504.0233978335485, 501.00758214620004, 498.129128313283, 495.46753120703977, 492.85647111904757, 490.2347503355555, 487.6283101222361, 484.99112586442953, 482.2233629993316, 479.2178160186268, 475.93854947309376, 472.3711046656084, 469.17153951307694, 466.0295877104777, 462.87559167982033, 459.64075021808276, 456.2926484642819, 452.79608670646286, 449.12917207542085, 445.2637459892193, 440.44072152765966, 434.48428320678227, 429.4142397752186, 424.65519755930586, 419.55552236958266, 413.9857764020533, 407.701521638562, 400.57736519157544, 392.75363273863974, 384.5768026046608, 375.3532160961919, 360.28072052171126, 344.18530482240465, 327.00062016420804, 302.9130527991419, 237.2304296979611, 164.61690882970873, 117.34273706750103, 0.0], "unit": "m"}, "Volume": {"values": [37929121.49323325, 36802729.20149969, 35724496.85906118, 34691255.68146471, 33688480.794676565, 32709905.22180329, 31753621.301615, 30817611.886953074, 29900471.589082427, 29000990.909232035, 28116279.78916881, 27244367.51250481, 26383946.395616207, 25533936.24123843, 24693690.232661214, 23862784.631787796, 23041011.081707485, 22228370.32433488, 21425308.00401353, 20631984.935616445, 19847940.06978753, 19072566.19198225, 18305399.785505332, 17546335.51921121, 16795323.320860922, 16052343.816793818, 15317598.79191609, 14591598.601584323, 13875058.441610882, 13168753.45283476, 12472493.29748661, 11785580.577412006, 11107885.518565409, 10439480.352660721, 9780580.202342624, 9131490.714707399, 8492590.000478003, 7864315.709361127, 7248186.434333372, 6646959.749644896, 6060794.145895508, 5487891.618402217, 4928138.026483442, 4382442.253585912, 3852154.624281741, 3339029.125262135, 2844703.8598586284, 2370115.3230353864, 1916530.611585431, 1491447.1953111233, 1101607.9564561192, 747716.1962143658, 435925.1898310323, 205651.9063087497, 77444.40707757621, 14419.196031025713, 0.0], "unit": "m3"}, "(1/A)dA/dz": {"values": ["null", 0.04350220266442111, 0.04287709899159568, 0.030016667027362685, 0.02445254050157662, 0.023045758608982513, 0.021453671346770523, 0.020359165134369916, 0.019463234651558716, 0.016572729372663342, 0.014578400162534585, 0.013273787665046301, 0.012176822380264928, 0.01155587919437914, 0.011179572054116047, 0.011051675410177464, 0.01117490175782554, 0.011852828373739273, 0.012203695447825515, 0.011766443762212472, 0.011124137364622243, 0.010642324196990167, 0.010617136193754503, 0.01066477330273181, 0.010752983495767778, 0.011142924525760304, 0.011969321439976054, 0.013110987189466504, 0.014381349308497963, 0.014331200502358947, 0.013517244299748208, 0.01350958531811782, 0.013801288451892412, 0.014320166694007016, 0.01499815971193766, 0.01581755907863638, 0.016767283375648572, 0.01949206014835412, 0.02444277406893673, 0.025404208589868346, 0.022897808388539498, 0.023206505950859456, 0.025416050008106806, 0.028609125826003726, 0.032853936605610014, 0.03728327548565408, 0.040721125797638986, 0.045184046341675166, 0.06422426996500423, 0.08638726152653366, 0.09653938701466401, 0.12488242290691666, 0.2760089450087812, 0.574445368523951, 0.7843349863942474, 0.9840257442607542, "null"], "unit": "m-1"}, "Interpolated": {"values": ["false", "false", "false", "false", "false", "false", "false", "false", "false", "false", "false", "false", "false", "false", "false", "false", "false", "false", "false", "false", "false", "false", "false", "false", "false", "false", "false", "false", "false", "false", "false", "false", "false", "false", "false", "false", "false", "false", "false", "false", "false", "false", "false", "false", "false", "false", "false", "false", "false", "false", "false", "false", "false", "false", "false", "false", "false"], "unit": ""}, "Source": "Data sourced from the Canton of Berne. The morphology data is based on relatively few measurements by hand using echo sounding."}