{"id": 228, "Depth": {"values": [0.0, 1.0, 2.0, 3.0, 4.0, 5.0, 6.0, 7.0, 8.0, 9.0, 10.0, 11.0, 12.0, 13.0, 14.0, 15.0, 16.0, 17.0, 18.0, 19.0, 20.0, 21.0, 22.0, 23.0, 24.0, 25.0, 26.0, 27.0, 28.0, 29.0, 30.0, 31.0, 32.0, 33.0, 34.0, 35.0, 36.0, 37.0, 38.0, 39.0, 40.0, 41.0, 42.0, 43.0, 44.0, 45.0, 46.0, 47.0, 48.0, 49.0, 50.0, 51.0, 52.0, 53.0, 54.0, 55.0, 56.0, 57.0, 58.0, 59.0, 60.0, 61.0, 62.0, 63.0, 64.0, 65.0, 66.0, 67.0, 68.0, 69.0, 70.0, 71.0, 72.0, 73.0, 74.0, 75.0, 76.0, 77.0, 78.0, 79.0, 80.0, 81.0, 82.0, 83.0, 84.0, 85.0, 86.0, 87.0, 88.0, 89.0, 90.0, 91.0, 92.0, 93.0, 94.0, 95.0, 96.0, 97.0, 98.0, 99.0, 100.0, 101.0, 102.0, 103.0, 104.0, 105.0, 106.0, 107.0, 108.0, 109.0, 110.0, 111.0, 112.0, 113.0, 114.0, 115.0, 116.0, 117.0, 118.0, 119.0, 120.0, 121.0, 122.0, 123.0, 124.0, 125.0, 126.0, 127.0, 127.70000000000005], "unit": "m"}, "Area": {"values": [56479697.385, 54861634.216, 53648810.342, 52629376.093, 51663403.319, 50925940.831, 50289867.279, 49744877.094, 49245436.569, 48784451.662, 48359553.661, 47943573.915, 47530260.527, 47113623.349, 46688755.656, 46228685.6, 45676628.635, 45148931.207, 44702301.595, 44258147.416, 43793560.458, 43245969.967, 42620337.39, 41979333.947, 41358721.544, 40785535.844, 40226028.893, 39671068.746, 39101127.073, 38537362.259, 38036693.643, 37586840.881, 37157193.693, 36721244.171, 36273951.606, 35824129.881, 35375553.277, 34912478.893, 34430375.472, 33921801.939, 33435212.352, 32942891.121, 32478099.034, 32036566.489, 31606139.567, 31181250.241, 30740976.375, 30312637.294, 29885650.155, 29427891.457, 28916013.651, 28395267.025, 27876896.533, 27367221.123, 26831546.484, 26290051.712, 25806989.953, 25348987.817, 24932408.826, 24506383.531, 24071062.981, 23586831.117, 23083923.93, 22602668.871, 22161074.549, 21727660.452, 21306406.151, 20882999.716, 20444778.906, 20020415.453, 19567652.753, 19139674.397, 18719276.449, 18294921.417000026, 17853790.825000025, 17361943.55100003, 16828770.34400003, 16304622.289000029, 15863741.322000025, 15408612.218000026, 14970898.747000024, 14543492.735000024, 14138375.445000023, 13783738.481000021, 13441756.463000018, 13110827.695000019, 12789921.02800002, 12447406.60000002, 12023272.330000024, 11640964.44200002, 11298680.792000018, 10960236.935000021, 10597135.777000021, 10208315.031000024, 9778872.360000027, 9168957.685000038, 8702181.030000025, 8199030.109000028, 7767085.39300002, 7422875.32300002, 7078683.91300002, 6725190.86600002, 6374942.819000022, 5992509.124000021, 5634334.71200002, 5295151.49800002, 4924467.81700002, 4562697.755000021, 4166520.3400000217, 3764484.294000023, 3376180.798000021, 3006790.7650000206, 2630148.4150000317, 2091776.4320000275, 1583610.4750000269, 1190475.7070000183, 914903.0120000135, 646759.6170000145, 385062.62200002145, 174099.32000000487, 107693.03200000216, 77616.43200000141, 56117.72200000108, 39551.22900000084, 24581.27100000059, 15284.032000000472, 7758.561000000383, 1945.894000000256, 0.0], "unit": "m2"}, "Radius": {"values": [4240.0, 4179.0, 4132.0, 4093.0, 4055.0, 4026.0, 4001.0, 3979.0, 3959.0, 3941.0, 3923.0, 3907.0, 3890.0, 3873.0, 3855.0, 3836.0, 3813.0, 3791.0, 3772.0, 3753.0, 3734.0, 3710.0, 3683.0, 3655.0, 3628.0, 3603.0, 3578.0, 3554.0, 3528.0, 3502.0, 3480.0, 3459.0, 3439.0, 3419.0, 3398.0, 3377.0, 3356.0, 3334.0, 3311.0, 3286.0, 3262.0, 3238.0, 3215.0, 3193.0, 3172.0, 3150.0, 3128.0, 3106.0, 3084.0, 3061.0, 3034.0, 3006.0, 2979.0, 2951.0, 2922.0, 2893.0, 2866.0, 2841.0, 2817.0, 2793.0, 2768.0, 2740.0, 2711.0, 2682.0, 2656.0, 2630.0, 2604.0, 2578.0, 2551.0, 2524.0, 2496.0, 2468.0, 2441.0, 2413.0, 2384.0, 2351.0, 2314.0, 2278.0, 2247.0, 2215.0, 2183.0, 2152.0, 2121.0, 2095.0, 2068.0, 2043.0, 2018.0, 1991.0, 1956.0, 1925.0, 1896.0, 1868.0, 1837.0, 1803.0, 1764.0, 1708.0, 1664.0, 1615.0, 1572.0, 1537.0, 1501.0, 1463.0, 1425.0, 1381.0, 1339.0, 1298.0, 1252.0, 1205.0, 1152.0, 1095.0, 1037.0, 978.0, 915.0, 816.0, 710.0, 616.0, 540.0, 454.0, 350.0, 235.0, 185.0, 157.0, 134.0, 112.0, 88.0, 70.0, 50.0, 25.0, 0.0], "unit": "m"}, "Volume": {"values": [0.0, 55599694.153000355, 109841244.70000029, 162983742.58900023, 215118236.33200026, 266401654.22700024, 317001663.9370003, 367014516.9370003, 416505739.1170001, 465516315.0970001, 514087766.197, 562238582.5970001, 609975314.5970001, 657297838.5970001, 704199991.8970003, 750665584.197, 796628704.7969999, 842031938.7969999, 886954219.0970001, 931435324.197, 975464598.5970001, 1018997518.197, 1061935242.5970001, 1104233288.5970001, 1145896437.0970001, 1186964637.7970002, 1227470766.5970001, 1267418018.9970002, 1306806708.197, 1345624163.697, 1383905196.9970002, 1421714991.7970002, 1459086327.697, 1496027818.4970002, 1532523839.197, 1568572418.0970001, 1604172311.897, 1639317641.5970001, 1673991092.397, 1708170820.2970002, 1741846404.9970002, 1775037760.4970002, 1807743296.0970001, 1840000563.197, 1871820914.7970002, 1903215307.7970002, 1934176573.0970001, 1964702424.697, 1994802429.0970001, 2024462295.3470001, 2053638385.157, 2082292931.127, 2110429085.737, 2138053291.627, 2165154682.697, 2191707603.337, 2217758252.017, 2243335495.287, 2268472927.597, 2293193162.1070004, 2317484637.487, 2341321504.0670004, 2364655800.3170004, 2387495935.9170003, 2409877152.3570004, 2431818236.797, 2453334003.967, 2474430924.327, 2495093705.847, 2515326769.9170003, 2535123599.8570004, 2554476147.1470003, 2573406491.127, 2591915135.786999, 2609991181.2469993, 2627607538.086999, 2644706346.276999, 2661272242.806999, 2677353531.026999, 2692991078.486999, 2708177648.5169992, 2722934823.286999, 2737272720.9369993, 2751230634.8769994, 2764842847.036999, 2778118085.096999, 2791068558.776999, 2803690527.0769997, 2815930878.9269996, 2827756556.187, 2839223225.9069996, 2850355585.957, 2861134627.167, 2871541819.4669995, 2881541332.9509997, 2891008548.503, 2899934370.2429996, 2908388139.2359996, 2916355322.9189997, 2923951726.6569996, 2931202207.9029994, 2938102836.0889997, 2944655861.6589994, 2950834023.765, 2956643729.9119997, 2962109678.4469995, 2967218393.5439997, 2971962772.5249996, 2976322433.632, 2980287838.922, 2983854295.991, 2987045161.967, 2989866809.901, 2992225971.879, 2994061484.96, 2995435399.7650003, 2996479372.065, 2997265773.714, 2997793488.691, 2998039742.5610003, 2998176002.8, 2998267589.5680003, 2998334007.264, 2998381461.184, 2998413349.718, 2998433109.2860003, 2998444497.724, 2998449177.047, 2998449685.097], "unit": "m3"}, "(1/A)dA/dz": {"values": ["null", -0.022, -0.019, -0.018, -0.014, -0.012, -0.011, -0.01, -0.009, -0.009, -0.009, -0.009, -0.009, -0.009, -0.01, -0.012, -0.012, -0.01, -0.01, -0.01, -0.013, -0.014, -0.015, -0.015, -0.014, -0.014, -0.014, -0.014, -0.014, -0.013, -0.012, -0.011, -0.012, -0.012, -0.012, -0.013, -0.013, -0.014, -0.015, -0.014, -0.015, -0.014, -0.014, -0.013, -0.013, -0.014, -0.014, -0.014, -0.015, -0.017, -0.018, -0.018, -0.018, -0.02, -0.02, -0.018, -0.018, -0.016, -0.017, -0.018, -0.02, -0.021, -0.021, -0.02, -0.02, -0.019, -0.02, -0.021, -0.021, -0.023, -0.022, -0.022, -0.023, -0.024, -0.028, -0.031, -0.031, -0.027, -0.029, -0.028, -0.029, -0.028, -0.025, -0.025, -0.025, -0.024, -0.027, -0.034, -0.032, -0.029, -0.03, -0.033, -0.037, -0.042, -0.062, -0.051, -0.058, -0.053, -0.044, -0.046, -0.05, -0.052, -0.06, -0.06, -0.06, -0.07, -0.073, -0.087, -0.096, -0.103, -0.109, -0.125, -0.205, -0.243, -0.248, -0.231, -0.293, -0.405, -0.548, -0.381, -0.279, -0.277, -0.295, -0.378, -0.378, -0.492, -0.749, -1.429, 0.0], "unit": "m-1"},