{"id": 240, "Depth": {"values": [0.0, 1.0, 2.0, 3.0, 4.0, 5.0, 6.0, 7.0, 8.0, 9.0, 10.0, 11.0, 12.0, 13.0, 14.0, 15.0, 16.0, 17.0, 18.0, 19.0, 20.0, 21.0, 22.0, 23.0, 24.0, 25.0, 26.0, 27.0, 28.0, 29.0, 30.0, 31.0, 32.0, 33.0, 34.0, 35.0, 36.0, 37.0, 38.0, 39.0, 40.0, 41.0, 42.0, 43.0, 44.0, 45.0, 46.0, 47.0, 48.0, 49.0, 50.0, 51.0, 52.0, 53.0, 54.0, 55.0, 56.0, 57.0, 58.0, 59.0, 60.0, 61.0, 62.0, 63.0, 64.0, 65.0, 66.0, 67.0, 68.0, 69.0, 70.0, 71.0, 72.0, 73.0, 73.20000000000005], "unit": "m"}, "Area": {"values": [79346857.262, 74647326.219, 71878517.671, 70041152.075, 68593774.134, 67410703.829, 66384546.22, 65252126.789000064, 64212928.21700005, 63275004.163000055, 62331281.115000054, 61314387.26000006, 60219058.21100007, 58879500.44400009, 57056173.509000115, 54854433.10900013, 52346097.89600015, 49414555.52800017, 46721853.399000145, 44480295.146000095, 42873004.204000086, 41559094.50900007, 40432453.46400006, 39326702.881000064, 38248179.09300006, 37228844.01000006, 36159720.04400006, 35126206.73400005, 34198235.78800005, 33387025.188000046, 32559090.257000048, 31716962.548000045, 30894245.28000005, 29982487.936000053, 29069162.07800005, 28198235.435000047, 27373204.085000046, 26559710.62900005, 25644835.108000055, 24684137.194000047, 23829615.25000005, 22943828.05700005, 22055424.81900005, 21057732.70300005, 20189675.799000047, 19283079.749000058, 18277125.62600005, 17363873.609000053, 16385307.628000055, 15455168.61400005, 14616220.685000045, 13769998.801000053, 12845489.845000055, 11946547.655000051, 10965719.44800006, 9961091.988000056, 8966959.111000055, 8075273.013000044, 7364582.262000041, 6572972.480000047, 5639330.559000055, 5002637.415000026, 4533432.339000028, 4002666.9870000337, 3353963.260000036, 2699854.05300003, 2126045.5930000334, 1562078.0890000283, 1097821.325000026, 772737.4100000114, 584878.3150000095, 385792.9100000123, 108751.65400001063, 888.8660000016741, 0.0], "unit": "m2"}, "Radius": {"values": [5026.0, 4875.0, 4783.0, 4722.0, 4673.0, 4632.0, 4597.0, 4557.0, 4521.0, 4488.0, 4454.0, 4418.0, 4378.0, 4329.0, 4262.0, 4179.0, 4082.0, 3966.0, 3856.0, 3763.0, 3694.0, 3637.0, 3587.0, 3538.0, 3489.0, 3442.0, 3393.0, 3344.0, 3299.0, 3260.0, 3219.0, 3177.0, 3136.0, 3089.0, 3042.0, 2996.0, 2952.0, 2908.0, 2857.0, 2803.0, 2754.0, 2702.0, 2650.0, 2589.0, 2535.0, 2477.0, 2412.0, 2351.0, 2284.0, 2218.0, 2157.0, 2094.0, 2022.0, 1950.0, 1868.0, 1781.0, 1689.0, 1603.0, 1531.0, 1446.0, 1340.0, 1262.0, 1201.0, 1129.0, 1033.0, 927.0, 823.0, 705.0, 591.0, 496.0, 431.0, 350.0, 186.0, 17.0, 0.0], "unit": "m"}, "Volume": {"values": [0.0, 76970864.01999974, 150120617.51999974, 221032949.8199997, 290334587.7199998, 358312100.2199998, 425205546.41999984, 491051938.7559961, 555735993.1099962, 619483404.7459962, 682294017.0739963, 744121989.8579963, 804898249.7859963, 864477976.8639965, 922488966.2249967, 978493547.1809967, 1032131106.9779967, 1083049874.7239969, 1131076869.727997, 1176614878.155997, 1220292814.5359974, 1262486584.7029974, 1303471188.8299975, 1343354417.5529976, 1382132923.1069977, 1419866565.8969977, 1456562694.9469976, 1492186067.7729979, 1526835054.8649979, 1560627535.692998, 1593607097.1049979, 1625739733.9579978, 1657048183.4889982, 1687499245.819998, 1717021085.871998, 1745651879.4859982, 1773435018.7189982, 1800402942.6509984, 1826522001.7209983, 1851679950.6859984, 1875935127.9439983, 1899324026.4009986, 1921828434.3749986, 1943394512.6859987, 1964010478.1119986, 1983753311.1449986, 2002529177.9629989, 2020345877.9109988, 2037226574.583999, 2053145721.455999, 2068173979.0119991, 2082375438.3929992, 2095680323.778999, 2108078175.916999, 2119541524.4289992, 2129995369.9579992, 2139462883.6459994, 2147960458.504999, 2155680869.655999, 2162659752.5659995, 2168783902.0339994, 2174064576.9559994, 2178836392.747999, 2183113785.365, 2186797315.8279996, 2189811089.771, 2192232154.2619996, 2194061929.851, 2195387219.092, 2196296658.7139997, 2196972974.1419997, 2197461865.8589997, 2197701936.962, 2197755706.961, 2197755726.22], "unit": "m3"}, "(1/A)dA/dz": {"values": ["null", -0.037, -0.026, -0.021, -0.017, -0.015, -0.017, -0.016, -0.015, -0.015, -0.016, -0.018, -0.022, -0.031, -0.039, -0.046, -0.056, -0.054, -0.048, -0.036, -0.031, -0.027, -0.027, -0.027, -0.027, -0.029, -0.029, -0.026, -0.024, -0.025, -0.026, -0.026, -0.03, -0.03, -0.03, -0.029, -0.03, -0.034, -0.037, -0.035, -0.037, -0.039, -0.045, -0.041, -0.045, -0.052, -0.05, -0.056, -0.057, -0.054, -0.058, -0.067, -0.07, -0.082, -0.092, -0.1, -0.099, -0.088, -0.107, -0.142, -0.113, -0.094, -0.117, -0.162, -0.195, -0.213, -0.265, -0.297, -0.296, -0.243, -0.34, -0.718, -0.992, -5.0, 0.0], "unit": "m-1"}, "Interpolated": {"values": ["false", "false", "false", "false", "false", "false", "false", "false", "false", "false", "false", "false", "false", "false", "false", "false", "false", "false", "false", "false", "false", "false", "false", "false", "false", "false", "false", "false", "false", "false", "false", "false", "false", "false", "false", "false", "false", "false", "false", "false", "false", "false", "false", "false", "false", "false", "false", "false", "false", "false", "false", "false", "false", "false", "false", "false", "false", "false", "false", "false", "false", "false", "false", "false", "false", "false", "false", "false", "false", "false", "false", "false", "false", "false", "false"], "unit": ""}, "Source": ""}