{"id": 53, "Depth": {"values": [0.0, 0.5, 1.0, 1.5, 2.0, 2.5, 3.0, 3.5, 4.0, 4.5, 5.0, 5.5, 6.0, 6.5, 7.0, 7.5, 8.0, 8.5, 9.0, 9.5, 10.0, 10.5, 11.0, 11.5, 12.0, 12.5, 13.0, 13.5, 14.0, 14.5, 15.0, 15.5, 16.0, 16.5, 17.0, 17.5, 18.0, 18.5, 19.0, 19.5, 20.0, 20.5, 21.0, 21.5, 22.0, 22.5, 23.0, 23.5, 24.0, 24.5, 25.0, 25.5, 26.0, 26.5, 27.0, 27.5, 28.0, 28.5, 29.0, 29.5, 30.0, 30.5, 31.0, 31.5, 32.0, 32.5, 33.0, 33.5, 34.0, 34.5, 35.0, 35.5, 36.0, 36.5, 37.0, 37.5, 38.0, 38.5, 39.0, 39.5, 40.0, 40.5, 41.0, 41.5, 42.0, 42.5, 43.0, 43.5, 44.0, 44.5, 45.0, 45.5], "unit": "m"}, "Isobath Area": {"values": [61026269, 58586390, 54084719, 48787638, 45610658, 43651819, 42126313, 40758101, 39706781, 38981961, 38499643, 38051018, 37643407, 37292516, 36951855, 36589745, 36232471, 35862477, 35476581, 35056909, 34636058, 34203497, 33752476, 33266105, 32762821, 32267636, 31757368, 31191382, 30579747, 29893558, 29113828, 28248683, 27279386, 26139306, 24841043, 23462106, 22155882, 21017492, 19860514, 18610994, 17221764, 15865987, 14729771, 13870030, 13020465, 12145796, 11067570, 9850613, 8948331, 8250502, 7528460, 7108633, 6764509, 6439827, 6112758, 5787004, 5456832, 5127138, 4835659, 4547850, 4254996, 3995421, 3739533, 3466955, 3224411, 3062016, 2930662, 2803172, 2672413, 2537064, 2408184, 2296743, 2190299, 2085728, 1978307, 1866546, 1752577, 1646599, 1541395, 1434132, 1329933, 1225982, 1114540, 994052, 878470, 764023, 632044, 500320, 355507, 173222, 21758, 0], "unit": "m2"}, "Radius": {"values": [4407.4102077763755, 4318.405623933349, 4149.1807322858685, 3940.7597616393696, 3810.291767929039, 3727.573679701775, 3661.8604419574403, 3601.903176152497, 3555.145698960129, 3522.547880317735, 3500.6880725718156, 3480.2320624862605, 3461.5413615526986, 3445.3703028074056, 3429.5977547417915, 3412.7521982183125, 3396.049722864419, 3378.6655608596143, 3360.4384327495172, 3340.503062975022, 3320.3914949648893, 3299.592586541197, 3277.7655184563046, 3254.0636281929137, 3229.354397332369, 3204.8568677212384, 3179.4157000267764, 3150.9562444336066, 3119.9095799556617, 3084.7066383383276, 3044.2107806547265, 2998.6388696493586, 2946.743669344806, 2884.5102734750794, 2811.9654283110685, 2732.804473520203, 2655.642347478571, 2586.5180235963426, 2514.3185857984627, 2433.9398887210036, 2341.3367418472944, 2247.2873683985104, 2165.324855656375, 2101.182445830386, 2035.8150044171573, 1966.246917956018, 1876.9435119446553, 1770.747724231368, 1687.7032387670783, 1620.5605056828756, 1548.0255959573863, 1504.2433849455142, 1467.382053140636, 1431.7334247035312, 1394.9018973566049, 1357.2253256497763, 1317.9391385204656, 1277.504877966651, 1240.6603346257277, 1203.1731445976313, 1163.7900551527687, 1127.7331261279537, 1091.0226045369222, 1050.507520893746, 1013.095206986867, 987.2537487662156, 965.8460993673683, 944.6043405964155, 922.3098600069733, 898.6504064879695, 875.5277122682216, 855.0298257507851, 834.9813323652634, 814.8054014857445, 793.5456357428957, 770.8048033171626, 746.901991829135, 723.9673613363682, 700.4578981025655, 675.6466485468067, 650.6387798633488, 624.6936776399903, 595.6249663565842, 562.5091812413104, 528.7964501732918, 493.1491398875175, 448.5374607579035, 399.06992151185005, 336.39469779938696, 234.81540644627344, 83.22131039335369, 0.0], "unit": "m"}, "Volume": {"values": [809945176.78701, 780044085.9635746, 751883805.879386, 726177089.0117955, 702581971.3341095, 680268143.3893797, 658824740.8992493, 638104578.5349891, 617988930.3969568, 598317023.0896411, 578946747.1907914, 559809191.4903128, 540885676.6979134, 522151764.4092756, 503590736.787966, 485205411.07950467, 466999930.11438227, 448976272.2325367, 431141594.7096758, 413508326.2537183, 396085190.39506966, 378875414.8980689, 361886546.37476915, 345132048.19832504, 328624976.53891754, 312367519.4023111, 296361437.8527538, 280624462.39471036, 265181932.49192947, 250063930.67606118, 235312513.5046706, 220972429.4593964, 207091117.26442075, 193737458.2122877, 180993748.7482096, 168919602.05275393, 157516663.8046583, 146724571.22720253, 136506434.4242699, 126890248.84072295, 117934304.36022101, 109664682.30032627, 102017501.5302586, 94868628.38805953, 88147123.28129116, 81856825.06667186, 76055571.44253105, 70828978.1469938, 66131047.61677481, 61832519.59679638, 57889156.50535254, 54230385.09388691, 50762455.31584252, 47461704.01697345, 44323912.91391924, 41349344.04444796, 38538789.106800966, 35893224.630323924, 33402880.778326765, 31057371.432235606, 28857065.990346886, 26794802.10628878, 24861416.42347888, 23060224.159844253, 21387749.09553387, 19816317.17018116, 18318267.649555735, 16884927.27666375, 15516161.152443253, 14213938.449818706, 12977766.423214441, 11801644.671722688, 10679989.399915002, 9611089.220117114, 8595198.797586419, 7634120.935951096, 6729489.763564462, 5879833.469329261, 5082979.664505652, 4339259.077712545, 3648406.5553469546, 3009604.0351674845, 2424694.7530258135, 1897833.8566920315, 1430000.9043244375, 1019710.3308517688, 671214.6144946506, 388764.247398118, 175835.89347740787, 46354.98182714918, 3626.3333333333335, 0.0], "unit": "m3"}, "(1/A)dA/dz": {"values": ["null", 0.1184840028545879, 0.18117413164335752, 0.1736927907844196, 0.11260129156654569, 0.07982130137578002, 0.06869146132014924, 0.05936321714301655, 0.044731402427207585, 0.030966579644364223, 0.024180561882093297, 0.0225023151811602, 0.020149663923884467, 0.018543988826069016, 0.01901855806697661, 0.019660809333325497, 0.020072271637228387, 0.021077462106145094, 0.022707035945769408, 0.023975958633432284, 0.024639409022816628, 0.02583308952298065, 0.02777254030193222, 0.029749650582777877, 0.030475672409283682, 0.03115979738955776, 0.03388989918811912, 0.03775469134391032, 0.04244063889737217, 0.04903795660590151, 0.05649806682927439, 0.06493902742297757, 0.07732494419045942, 0.09328262196402613, 0.10777325251600749, 0.11444671676106143, 0.11033702020980253, 0.10921226947534939, 0.12116997576195661, 0.14178447427364707, 0.15939174407453266, 0.1570651104151289, 0.1355049579521637, 0.12323736862861868, 0.1324249172360588, 0.16078773264428284, 0.20737912658334215, 0.2151377787351914, 0.17881669777302606, 0.17209510403124562, 0.15167364905970146, 0.10746806031483128, 0.09886985145558976, 0.10120629016897503, 0.10679680105117853, 0.11334465986199423, 0.1209247416816204, 0.12115394592460745, 0.11979504758296645, 0.1276785733918225, 0.1298306743414095, 0.1290134381333031, 0.14131871546527333, 0.14858052671580682, 0.1255854169955381, 0.09593320217791154, 0.08832270661031535, 0.09212741851017348, 0.09957592632575878, 0.10414755008151154, 0.09979345432076618, 0.09486694854409047, 0.09634072790975114, 0.10163933168658618, 0.11079271316332602, 0.12093460327256869, 0.12549919347338234, 0.12825344847166797, 0.13784072220293955, 0.14744946769195583, 0.15651164381965108, 0.1756901814219132, 0.20809481938737057, 0.23748254618470663, 0.2618518560679363, 0.3225374105229816, 0.4172225351399586, 0.5527202590342181, 0.9200887746232845, 1.9267125422867766, 7.96130159021969, "null"], "unit": "m-1"}, "Interpolated": {"values": ["false", "false", "false", "false", "false", "false", "false", "false", "false", "false", "false", "false", "false", "false", "false", "false", "false", "false", "false", "false", "false", "false", "false", "false", "false", "false", "false", "false", "false", "false", "false", "false", "false", "false", "false", "false", "false", "false", "false", "false", "false", "false", "false", "false", "false", "false", "false", "false", "false", "false", "false", "false", "false", "false", "false", "false", "false", "false", "false", "false", "false", "false", "false", "false", "false", "false", "false", "false", "false", "false", "false", "false", "false", "false", "false", "false", "false", "false", "false", "false", "false", "false", "false", "false", "false", "false", "false", "false", "false", "false", "false", "false"], "unit": ""},